{
  "config": {
    "model_name_or_path": "/home/xlyu/models/models--EleutherAI--pythia-2.8b/",
    "output_dir": "outputs/speed_benchmark",
    "mode": "baseline",
    "seq_lengths": [
      256,
      512,
      1024,
      2048
    ],
    "num_decode_tokens": 128,
    "start_size": 4,
    "recent_size": 252,
    "heavy_size": 128,
    "update_interval": 10,
    "separator_size": 64,
    "local_size": 256,
    "ckpt_dir": null
  },
  "results": [
    {
      "seq_length": 256,
      "kv_cache_size": 384,
      "avg_decode_latency_ms": 30.456401468654803,
      "std_decode_latency_ms": 2.1157917227530483,
      "total_decode_latency_ms": 3898.419387987815,
      "tokens_per_sec": 32.83381987951474,
      "peak_memory_mb": 5807.43701171875
    },
    {
      "seq_length": 512,
      "kv_cache_size": 640,
      "avg_decode_latency_ms": 30.16466645226501,
      "std_decode_latency_ms": 0.8748437412328324,
      "total_decode_latency_ms": 3861.0773058899213,
      "tokens_per_sec": 33.15136938717623,
      "peak_memory_mb": 6138.1083984375
    },
    {
      "seq_length": 1024,
      "kv_cache_size": 1152,
      "avg_decode_latency_ms": 30.08817719489798,
      "std_decode_latency_ms": 0.47597382473472305,
      "total_decode_latency_ms": 3851.2866809469415,
      "tokens_per_sec": 33.23564579942612,
      "peak_memory_mb": 6825.4228515625
    },
    {
      "seq_length": 2048,
      "kv_cache_size": 2176,
      "avg_decode_latency_ms": 71.48647785174944,
      "std_decode_latency_ms": 3.224817795695257,
      "total_decode_latency_ms": 9150.269165023929,
      "tokens_per_sec": 13.988659534658101,
      "peak_memory_mb": 8376.92041015625
    }
  ]
}