{
  "config": {
    "model_name_or_path": "/home/xlyu/models/models--EleutherAI--pythia-2.8b/",
    "output_dir": "outputs/speed_benchmark",
    "mode": "baseline",
    "seq_lengths": [
      256,
      512,
      1024,
      2048
    ],
    "num_decode_tokens": 128,
    "start_size": 4,
    "recent_size": 252,
    "heavy_size": 128,
    "update_interval": 10,
    "separator_size": 64,
    "local_size": 256,
    "ckpt_dir": null
  },
  "results": [
    {
      "seq_length": 256,
      "kv_cache_size": 384,
      "avg_decode_latency_ms": 30.750772179544583,
      "std_decode_latency_ms": 1.5390716776676254,
      "total_decode_latency_ms": 7872.197677963413,
      "tokens_per_sec": 32.51950858863961,
      "peak_memory_mb": 5807.43701171875
    },
    {
      "seq_length": 512,
      "kv_cache_size": 640,
      "avg_decode_latency_ms": 30.271244984419354,
      "std_decode_latency_ms": 0.2522043854711464,
      "total_decode_latency_ms": 15498.87743202271,
      "tokens_per_sec": 33.034650557474635,
      "peak_memory_mb": 6047.37744140625
    },
    {
      "seq_length": 1024,
      "kv_cache_size": 1152,
      "avg_decode_latency_ms": 30.365138973792227,
      "std_decode_latency_ms": 0.3512333928312272,
      "total_decode_latency_ms": 31093.90230916324,
      "tokens_per_sec": 32.93250200050418,
      "peak_memory_mb": 6529.05712890625
    },
    {
      "seq_length": 2048,
      "kv_cache_size": 2176,
      "avg_decode_latency_ms": 33.14777891623777,
      "std_decode_latency_ms": 10.779796302470228,
      "total_decode_latency_ms": 67886.65122045495,
      "tokens_per_sec": 30.167933801143462,
      "peak_memory_mb": 7572.82373046875
    }
  ]
}