{
  "config": {
    "model_name_or_path": "/home/xlyu/models/models--EleutherAI--pythia-2.8b/",
    "output_dir": "outputs/speed_benchmark",
    "mode": "int8_baseline",
    "seq_lengths": [
      256,
      512,
      1024,
      2048
    ],
    "num_decode_tokens": 128,
    "start_size": 4,
    "recent_size": 252,
    "heavy_size": 128,
    "update_interval": 10,
    "separator_size": 64,
    "local_size": 256,
    "ckpt_dir": "checkpoints/pythia-2.8b-int8"
  },
  "results": [
    {
      "seq_length": 256,
      "kv_cache_size": 384,
      "avg_decode_latency_ms": 29.061788078479367,
      "std_decode_latency_ms": 1.5228600489795265,
      "total_decode_latency_ms": 3719.908874045359,
      "tokens_per_sec": 34.40944505202393,
      "peak_memory_mb": 3359.0263671875
    },
    {
      "seq_length": 512,
      "kv_cache_size": 640,
      "avg_decode_latency_ms": 29.754033648600853,
      "std_decode_latency_ms": 1.0824423852560003,
      "total_decode_latency_ms": 3808.516307020909,
      "tokens_per_sec": 33.60888852281794,
      "peak_memory_mb": 3666.38134765625
    },
    {
      "seq_length": 1024,
      "kv_cache_size": 1152,
      "avg_decode_latency_ms": 29.832157273517623,
      "std_decode_latency_ms": 0.8152321788565832,
      "total_decode_latency_ms": 3818.516131010256,
      "tokens_per_sec": 33.520874498999525,
      "peak_memory_mb": 4353.70556640625
    },
    {
      "seq_length": 2048,
      "kv_cache_size": 2176,
      "avg_decode_latency_ms": 71.02220921126445,
      "std_decode_latency_ms": 4.588138844226938,
      "total_decode_latency_ms": 9090.84277904185,
      "tokens_per_sec": 14.080102704569141,
      "peak_memory_mb": 5903.59765625
    }
  ]
}